Copyright 1986-2020 Xilinx, Inc. All Rights Reserved.
-------------------------------------------------------------------------------------------------
| Tool Version              : Vivado v.2020.2 (win64) Build 3064766 Wed Nov 18 09:12:45 MST 2020
| Date                      : Sun Feb  9 09:19:55 2025
| Host                      : Win102023HEYRFQ running 64-bit major release  (build 9200)
| Command                   : report_io -file top_io_placed.rpt
| Design                    : top
| Device                    : xc7a75t
| Speed File                : -2
| Package                   : fgg484
| Package Version           : FINAL 2012-11-02
| Package Pin Delay Version : VERS. 2.0 2012-11-02
-------------------------------------------------------------------------------------------------

IO Information

Table of Contents
-----------------
1. Summary
2. IO Assignments by Package Pin

1. Summary
----------

+---------------+
| Total User IO |
+---------------+
|           215 |
+---------------+


2. IO Assignments by Package Pin
--------------------------------

+------------+---------------+------------+------------------------------+---------------+-------------+---------+------------+------+---------------------+----------------------+---------+------------+-----------+----------+----------+------------------+--------------+-------------------+--------------+
| Pin Number | Signal Name   | Bank Type  | Pin Name                     | Use           | IO Standard | IO Bank | Drive (mA) | Slew | On-Chip Termination | Off-Chip Termination | Voltage | Constraint | Pull Type | DQS Bias | Vref     | Signal Integrity | Pre Emphasis | Lvds Pre Emphasis | Equalization |
+------------+---------------+------------+------------------------------+---------------+-------------+---------+------------+------+---------------------+----------------------+---------+------------+-----------+----------+----------+------------------+--------------+-------------------+--------------+
| A1         | ddr3_dq[13]   | High Range | IO_L1N_T0_AD4N_35            | BIDIR         | SSTL15      |      35 |            | FAST |    UNTUNED_SPLIT_50 |            FP_VTT_50 |         | FIXED      |           |          | Internal | NONE             |              |                   |              |
| A2         |               |            | GND                          | GND           |             |         |            |      |                     |                      |     0.0 |            |           |          |          |                  |              |                   |              |
| A3         |               |            | GND                          | GND           |             |         |            |      |                     |                      |     0.0 |            |           |          |          |                  |              |                   |              |
| A4         |               |            | MGTPTXN0_216                 | Gigabit       |             |         |            |      |                     |                      |         |            |           |          |          |                  |              |                   |              |
| A5         |               |            | GND                          | GND           |             |         |            |      |                     |                      |     0.0 |            |           |          |          |                  |              |                   |              |
| A6         |               |            | MGTPTXN2_216                 | Gigabit       |             |         |            |      |                     |                      |         |            |           |          |          |                  |              |                   |              |
| A7         |               |            | GND                          | GND           |             |         |            |      |                     |                      |     0.0 |            |           |          |          |                  |              |                   |              |
| A8         |               |            | MGTPRXN0_216                 | Gigabit       |             |         |            |      |                     |                      |         |            |           |          |          |                  |              |                   |              |
| A9         |               |            | GND                          | GND           |             |         |            |      |                     |                      |     0.0 |            |           |          |          |                  |              |                   |              |
| A10        |               |            | MGTPRXN2_216                 | Gigabit       |             |         |            |      |                     |                      |         |            |           |          |          |                  |              |                   |              |
| A11        |               |            | GND                          | GND           |             |         |            |      |                     |                      |     0.0 |            |           |          |          |                  |              |                   |              |
| A12        |               |            | GND                          | GND           |             |         |            |      |                     |                      |     0.0 |            |           |          |          |                  |              |                   |              |
| A13        | o_sig[63]     | High Range | IO_L10P_T1_16                | OUTPUT        | LVCMOS33    |      16 |         12 | SLOW |                     |            FP_VTT_50 |         | FIXED      |           |          |          | NONE             |              |                   |              |
| A14        | o_sig[31]     | High Range | IO_L10N_T1_16                | OUTPUT        | LVCMOS33    |      16 |         12 | SLOW |                     |            FP_VTT_50 |         | FIXED      |           |          |          | NONE             |              |                   |              |
| A15        | o_sig[62]     | High Range | IO_L9P_T1_DQS_16             | OUTPUT        | LVCMOS33    |      16 |         12 | SLOW |                     |            FP_VTT_50 |         | FIXED      |           |          |          | NONE             |              |                   |              |
| A16        | o_sig[30]     | High Range | IO_L9N_T1_DQS_16             | OUTPUT        | LVCMOS33    |      16 |         12 | SLOW |                     |            FP_VTT_50 |         | FIXED      |           |          |          | NONE             |              |                   |              |
| A17        |               | High Range | VCCO_16                      | VCCO          |             |      16 |            |      |                     |                      |    3.30 |            |           |          |          |                  |              |                   |              |
| A18        | o_sig[61]     | High Range | IO_L17P_T2_16                | OUTPUT        | LVCMOS33    |      16 |         12 | SLOW |                     |            FP_VTT_50 |         | FIXED      |           |          |          | NONE             |              |                   |              |
| A19        | o_sig[29]     | High Range | IO_L17N_T2_16                | OUTPUT        | LVCMOS33    |      16 |         12 | SLOW |                     |            FP_VTT_50 |         | FIXED      |           |          |          | NONE             |              |                   |              |
| A20        | o_sig[23]     | High Range | IO_L16N_T2_16                | OUTPUT        | LVCMOS33    |      16 |         12 | SLOW |                     |            FP_VTT_50 |         | FIXED      |           |          |          | NONE             |              |                   |              |
| A21        | o_sig[17]     | High Range | IO_L21N_T3_DQS_16            | OUTPUT        | LVCMOS33    |      16 |         12 | SLOW |                     |            FP_VTT_50 |         | FIXED      |           |          |          | NONE             |              |                   |              |
| A22        |               |            | GND                          | GND           |             |         |            |      |                     |                      |     0.0 |            |           |          |          |                  |              |                   |              |
| AA1        | o_sig[152]    | High Range | IO_L7P_T1_34                 | OUTPUT        | LVCMOS33    |      34 |         12 | SLOW |                     |            FP_VTT_50 |         | FIXED      |           |          |          | NONE             |              |                   |              |
| AA2        |               |            | GND                          | GND           |             |         |            |      |                     |                      |     0.0 |            |           |          |          |                  |              |                   |              |
| AA3        | o_sig[135]    | High Range | IO_L9N_T1_DQS_34             | OUTPUT        | LVCMOS33    |      34 |         12 | SLOW |                     |            FP_VTT_50 |         | FIXED      |           |          |          | NONE             |              |                   |              |
| AA4        | o_sig[134]    | High Range | IO_L11N_T1_SRCC_34           | OUTPUT        | LVCMOS33    |      34 |         12 | SLOW |                     |            FP_VTT_50 |         | FIXED      |           |          |          | NONE             |              |                   |              |
| AA5        | o_sig[15]     | High Range | IO_L10P_T1_34                | OUTPUT        | LVCMOS33    |      34 |         12 | SLOW |                     |            FP_VTT_50 |         | FIXED      |           |          |          | NONE             |              |                   |              |
| AA6        | o_sig[130]    | High Range | IO_L18N_T2_34                | OUTPUT        | LVCMOS33    |      34 |         12 | SLOW |                     |            FP_VTT_50 |         | FIXED      |           |          |          | NONE             |              |                   |              |
| AA7        |               | High Range | VCCO_34                      | VCCO          |             |      34 |            |      |                     |                      |    3.30 |            |           |          |          |                  |              |                   |              |
| AA8        | o_sig[126]    | High Range | IO_L22P_T3_34                | OUTPUT        | LVCMOS33    |      34 |         12 | SLOW |                     |            FP_VTT_50 |         | FIXED      |           |          |          | NONE             |              |                   |              |
| AA9        |               | High Range | IO_L8P_T1_13                 | User IO       |             |      13 |            |      |                     |                      |         |            |           |          |          |                  |              |                   |              |
| AA10       |               | High Range | IO_L9P_T1_DQS_13             | User IO       |             |      13 |            |      |                     |                      |         |            |           |          |          |                  |              |                   |              |
| AA11       |               | High Range | IO_L9N_T1_DQS_13             | User IO       |             |      13 |            |      |                     |                      |         |            |           |          |          |                  |              |                   |              |
| AA12       |               |            | GND                          | GND           |             |         |            |      |                     |                      |     0.0 |            |           |          |          |                  |              |                   |              |
| AA13       |               | High Range | IO_L3P_T0_DQS_13             | User IO       |             |      13 |            |      |                     |                      |         |            |           |          |          |                  |              |                   |              |
| AA14       |               | High Range | IO_L5N_T0_13                 | User IO       |             |      13 |            |      |                     |                      |         |            |           |          |          |                  |              |                   |              |
| AA15       |               | High Range | IO_L4P_T0_13                 | User IO       |             |      13 |            |      |                     |                      |         |            |           |          |          |                  |              |                   |              |
| AA16       |               | High Range | IO_L1N_T0_13                 | User IO       |             |      13 |            |      |                     |                      |         |            |           |          |          |                  |              |                   |              |
| AA17       |               | High Range | VCCO_13                      | VCCO          |             |      13 |            |      |                     |                      |   any** |            |           |          |          |                  |              |                   |              |
| AA18       | o_sig[122]    | High Range | IO_L17P_T2_A14_D30_14        | OUTPUT        | LVCMOS33    |      14 |         12 | SLOW |                     |            FP_VTT_50 |         | FIXED      |           |          |          | NONE             |              |                   |              |
| AA19       | o_sig[111]    | High Range | IO_L15P_T2_DQS_RDWR_B_14     | OUTPUT        | LVCMOS33    |      14 |         12 | SLOW |                     |            FP_VTT_50 |         | FIXED      |           |          |          | NONE             |              |                   |              |
| AA20       | o_sig[107]    | High Range | IO_L8P_T1_D11_14             | OUTPUT        | LVCMOS33    |      14 |         12 | SLOW |                     |            FP_VTT_50 |         | FIXED      |           |          |          | NONE             |              |                   |              |
| AA21       | o_sig[75]     | High Range | IO_L8N_T1_D12_14             | OUTPUT        | LVCMOS33    |      14 |         12 | SLOW |                     |            FP_VTT_50 |         | FIXED      |           |          |          | NONE             |              |                   |              |
| AA22       |               |            | GND                          | GND           |             |         |            |      |                     |                      |     0.0 |            |           |          |          |                  |              |                   |              |
| AB1        | o_sig[137]    | High Range | IO_L7N_T1_34                 | OUTPUT        | LVCMOS33    |      34 |         12 | SLOW |                     |            FP_VTT_50 |         | FIXED      |           |          |          | NONE             |              |                   |              |
| AB2        | o_sig[133]    | High Range | IO_L8N_T1_34                 | OUTPUT        | LVCMOS33    |      34 |         12 | SLOW |                     |            FP_VTT_50 |         | FIXED      |           |          |          | NONE             |              |                   |              |
| AB3        | o_sig[156]    | High Range | IO_L8P_T1_34                 | OUTPUT        | LVCMOS33    |      34 |         12 | SLOW |                     |            FP_VTT_50 |         | FIXED      |           |          |          | NONE             |              |                   |              |
| AB4        |               | High Range | VCCO_34                      | VCCO          |             |      34 |            |      |                     |                      |    3.30 |            |           |          |          |                  |              |                   |              |
| AB5        | o_sig[129]    | High Range | IO_L10N_T1_34                | OUTPUT        | LVCMOS33    |      34 |         12 | SLOW |                     |            FP_VTT_50 |         | FIXED      |           |          |          | NONE             |              |                   |              |
| AB6        | o_sig[95]     | High Range | IO_L20N_T3_34                | OUTPUT        | LVCMOS33    |      34 |         12 | SLOW |                     |            FP_VTT_50 |         | FIXED      |           |          |          | NONE             |              |                   |              |
| AB7        | o_sig[127]    | High Range | IO_L20P_T3_34                | OUTPUT        | LVCMOS33    |      34 |         12 | SLOW |                     |            FP_VTT_50 |         | FIXED      |           |          |          | NONE             |              |                   |              |
| AB8        | o_sig[94]     | High Range | IO_L22N_T3_34                | OUTPUT        | LVCMOS33    |      34 |         12 | SLOW |                     |            FP_VTT_50 |         | FIXED      |           |          |          | NONE             |              |                   |              |
| AB9        |               |            | GND                          | GND           |             |         |            |      |                     |                      |     0.0 |            |           |          |          |                  |              |                   |              |
| AB10       |               | High Range | IO_L8N_T1_13                 | User IO       |             |      13 |            |      |                     |                      |         |            |           |          |          |                  |              |                   |              |
| AB11       |               | High Range | IO_L7P_T1_13                 | User IO       |             |      13 |            |      |                     |                      |         |            |           |          |          |                  |              |                   |              |
| AB12       |               | High Range | IO_L7N_T1_13                 | User IO       |             |      13 |            |      |                     |                      |         |            |           |          |          |                  |              |                   |              |
| AB13       |               | High Range | IO_L3N_T0_DQS_13             | User IO       |             |      13 |            |      |                     |                      |         |            |           |          |          |                  |              |                   |              |
| AB14       |               | High Range | VCCO_13                      | VCCO          |             |      13 |            |      |                     |                      |   any** |            |           |          |          |                  |              |                   |              |
| AB15       |               | High Range | IO_L4N_T0_13                 | User IO       |             |      13 |            |      |                     |                      |         |            |           |          |          |                  |              |                   |              |
| AB16       |               | High Range | IO_L2P_T0_13                 | User IO       |             |      13 |            |      |                     |                      |         |            |           |          |          |                  |              |                   |              |
| AB17       |               | High Range | IO_L2N_T0_13                 | User IO       |             |      13 |            |      |                     |                      |         |            |           |          |          |                  |              |                   |              |
| AB18       | o_sig[90]     | High Range | IO_L17N_T2_A13_D29_14        | OUTPUT        | LVCMOS33    |      14 |         12 | SLOW |                     |            FP_VTT_50 |         | FIXED      |           |          |          | NONE             |              |                   |              |
| AB19       |               |            | GND                          | GND           |             |         |            |      |                     |                      |     0.0 |            |           |          |          |                  |              |                   |              |
| AB20       | o_sig[79]     | High Range | IO_L15N_T2_DQS_DOUT_CSO_B_14 | OUTPUT        | LVCMOS33    |      14 |         12 | SLOW |                     |            FP_VTT_50 |         | FIXED      |           |          |          | NONE             |              |                   |              |
| AB21       | o_sig[109]    | High Range | IO_L10P_T1_D14_14            | OUTPUT        | LVCMOS33    |      14 |         12 | SLOW |                     |            FP_VTT_50 |         | FIXED      |           |          |          | NONE             |              |                   |              |
| AB22       | o_sig[77]     | High Range | IO_L10N_T1_D15_14            | OUTPUT        | LVCMOS33    |      14 |         12 | SLOW |                     |            FP_VTT_50 |         | FIXED      |           |          |          | NONE             |              |                   |              |
| B1         | ddr3_dq[15]   | High Range | IO_L1P_T0_AD4P_35            | BIDIR         | SSTL15      |      35 |            | FAST |    UNTUNED_SPLIT_50 |            FP_VTT_50 |         | FIXED      |           |          | Internal | NONE             |              |                   |              |
| B2         | ddr3_dq[12]   | High Range | IO_L2N_T0_AD12N_35           | BIDIR         | SSTL15      |      35 |            | FAST |    UNTUNED_SPLIT_50 |            FP_VTT_50 |         | FIXED      |           |          | Internal | NONE             |              |                   |              |
| B3         |               |            | GND                          | GND           |             |         |            |      |                     |                      |     0.0 |            |           |          |          |                  |              |                   |              |
| B4         |               |            | MGTPTXP0_216                 | Gigabit       |             |         |            |      |                     |                      |         |            |           |          |          |                  |              |                   |              |
| B5         |               |            | MGTAVTT                      | Gigabit Power |             |         |            |      |                     |                      |         |            |           |          |          |                  |              |                   |              |
| B6         |               |            | MGTPTXP2_216                 | Gigabit       |             |         |            |      |                     |                      |         |            |           |          |          |                  |              |                   |              |
| B7         |               |            | MGTAVTT                      | Gigabit Power |             |         |            |      |                     |                      |         |            |           |          |          |                  |              |                   |              |
| B8         |               |            | MGTPRXP0_216                 | Gigabit       |             |         |            |      |                     |                      |         |            |           |          |          |                  |              |                   |              |
| B9         |               |            | MGTAVTT                      | Gigabit Power |             |         |            |      |                     |                      |         |            |           |          |          |                  |              |                   |              |
| B10        |               |            | MGTPRXP2_216                 | Gigabit       |             |         |            |      |                     |                      |         |            |           |          |          |                  |              |                   |              |
| B11        |               |            | MGTAVTT                      | Gigabit Power |             |         |            |      |                     |                      |         |            |           |          |          |                  |              |                   |              |
| B12        |               |            | GND                          | GND           |             |         |            |      |                     |                      |     0.0 |            |           |          |          |                  |              |                   |              |
| B13        | o_sig[27]     | High Range | IO_L8N_T1_16                 | OUTPUT        | LVCMOS33    |      16 |         12 | SLOW |                     |            FP_VTT_50 |         | FIXED      |           |          |          | NONE             |              |                   |              |
| B14        |               | High Range | VCCO_16                      | VCCO          |             |      16 |            |      |                     |                      |    3.30 |            |           |          |          |                  |              |                   |              |
| B15        | o_sig[57]     | High Range | IO_L7P_T1_16                 | OUTPUT        | LVCMOS33    |      16 |         12 | SLOW |                     |            FP_VTT_50 |         | FIXED      |           |          |          | NONE             |              |                   |              |
| B16        | o_sig[25]     | High Range | IO_L7N_T1_16                 | OUTPUT        | LVCMOS33    |      16 |         12 | SLOW |                     |            FP_VTT_50 |         | FIXED      |           |          |          | NONE             |              |                   |              |
| B17        | o_sig[52]     | High Range | IO_L11P_T1_SRCC_16           | OUTPUT        | LVCMOS33    |      16 |         12 | SLOW |                     |            FP_VTT_50 |         | FIXED      |           |          |          | NONE             |              |                   |              |
| B18        | o_sig[20]     | High Range | IO_L11N_T1_SRCC_16           | OUTPUT        | LVCMOS33    |      16 |         12 | SLOW |                     |            FP_VTT_50 |         | FIXED      |           |          |          | NONE             |              |                   |              |
| B19        |               |            | GND                          | GND           |             |         |            |      |                     |                      |     0.0 |            |           |          |          |                  |              |                   |              |
| B20        | o_sig[55]     | High Range | IO_L16P_T2_16                | OUTPUT        | LVCMOS33    |      16 |         12 | SLOW |                     |            FP_VTT_50 |         | FIXED      |           |          |          | NONE             |              |                   |              |
| B21        | o_sig[49]     | High Range | IO_L21P_T3_DQS_16            | OUTPUT        | LVCMOS33    |      16 |         12 | SLOW |                     |            FP_VTT_50 |         | FIXED      |           |          |          | NONE             |              |                   |              |
| B22        | o_sig[14]     | High Range | IO_L20N_T3_16                | OUTPUT        | LVCMOS33    |      16 |         12 | SLOW |                     |            FP_VTT_50 |         | FIXED      |           |          |          | NONE             |              |                   |              |
| C1         |               | High Range | VCCO_35                      | VCCO          |             |      35 |            |      |                     |                      |    1.50 |            |           |          |          |                  |              |                   |              |
| C2         | ddr3_dq[9]    | High Range | IO_L2P_T0_AD12P_35           | BIDIR         | SSTL15      |      35 |            | FAST |    UNTUNED_SPLIT_50 |            FP_VTT_50 |         | FIXED      |           |          | Internal | NONE             |              |                   |              |
| C3         |               |            | GND                          | GND           |             |         |            |      |                     |                      |     0.0 |            |           |          |          |                  |              |                   |              |
| C4         |               |            | MGTAVTT                      | Gigabit Power |             |         |            |      |                     |                      |         |            |           |          |          |                  |              |                   |              |
| C5         |               |            | MGTPTXN1_216                 | Gigabit       |             |         |            |      |                     |                      |         |            |           |          |          |                  |              |                   |              |
| C6         |               |            | GND                          | GND           |             |         |            |      |                     |                      |     0.0 |            |           |          |          |                  |              |                   |              |
| C7         |               |            | MGTPTXN3_216                 | Gigabit       |             |         |            |      |                     |                      |         |            |           |          |          |                  |              |                   |              |
| C8         |               |            | MGTAVTT                      | Gigabit Power |             |         |            |      |                     |                      |         |            |           |          |          |                  |              |                   |              |
| C9         |               |            | MGTPRXN3_216                 | Gigabit       |             |         |            |      |                     |                      |         |            |           |          |          |                  |              |                   |              |
| C10        |               |            | GND                          | GND           |             |         |            |      |                     |                      |     0.0 |            |           |          |          |                  |              |                   |              |
| C11        |               |            | MGTPRXN1_216                 | Gigabit       |             |         |            |      |                     |                      |         |            |           |          |          |                  |              |                   |              |
| C12        |               |            | GND                          | GND           |             |         |            |      |                     |                      |     0.0 |            |           |          |          |                  |              |                   |              |
| C13        | o_sig[59]     | High Range | IO_L8P_T1_16                 | OUTPUT        | LVCMOS33    |      16 |         12 | SLOW |                     |            FP_VTT_50 |         | FIXED      |           |          |          | NONE             |              |                   |              |
| C14        | o_sig[53]     | High Range | IO_L3P_T0_DQS_16             | OUTPUT        | LVCMOS33    |      16 |         12 | SLOW |                     |            FP_VTT_50 |         | FIXED      |           |          |          | NONE             |              |                   |              |
| C15        | o_sig[21]     | High Range | IO_L3N_T0_DQS_16             | OUTPUT        | LVCMOS33    |      16 |         12 | SLOW |                     |            FP_VTT_50 |         | FIXED      |           |          |          | NONE             |              |                   |              |
| C16        |               |            | GND                          | GND           |             |         |            |      |                     |                      |     0.0 |            |           |          |          |                  |              |                   |              |
| C17        | o_sig[18]     | High Range | IO_L12N_T1_MRCC_16           | OUTPUT        | LVCMOS33    |      16 |         12 | SLOW |                     |            FP_VTT_50 |         | FIXED      |           |          |          | NONE             |              |                   |              |
| C18        |               | High Range | IO_L13P_T2_MRCC_16           | User IO       |             |      16 |            |      |                     |                      |         |            |           |          |          |                  |              |                   |              |
| C19        |               | High Range | IO_L13N_T2_MRCC_16           | User IO       |             |      16 |            |      |                     |                      |         |            |           |          |          |                  |              |                   |              |
| C20        | o_sig[13]     | High Range | IO_L19N_T3_VREF_16           | OUTPUT        | LVCMOS33    |      16 |         12 | SLOW |                     |            FP_VTT_50 |         | FIXED      |           |          |          | NONE             |              |                   |              |
| C21        |               | High Range | VCCO_16                      | VCCO          |             |      16 |            |      |                     |                      |    3.30 |            |           |          |          |                  |              |                   |              |
| C22        | o_sig[46]     | High Range | IO_L20P_T3_16                | OUTPUT        | LVCMOS33    |      16 |         12 | SLOW |                     |            FP_VTT_50 |         | FIXED      |           |          |          | NONE             |              |                   |              |
| D1         | ddr3_dqs_n[1] | High Range | IO_L3N_T0_DQS_AD5N_35        | BIDIR         | DIFF_SSTL15 |      35 |            | FAST |                     |            FP_VTT_50 |         | FIXED      |           |          |          | NONE             |              |                   |              |
| D2         | ddr3_dq[11]   | High Range | IO_L4N_T0_35                 | BIDIR         | SSTL15      |      35 |            | FAST |    UNTUNED_SPLIT_50 |            FP_VTT_50 |         | FIXED      |           |          | Internal | NONE             |              |                   |              |
| D3         |               |            | GND                          | GND           |             |         |            |      |                     |                      |     0.0 |            |           |          |          |                  |              |                   |              |
| D4         |               |            | GND                          | GND           |             |         |            |      |                     |                      |     0.0 |            |           |          |          |                  |              |                   |              |
| D5         |               |            | MGTPTXP1_216                 | Gigabit       |             |         |            |      |                     |                      |         |            |           |          |          |                  |              |                   |              |
| D6         |               |            | MGTAVCC                      | Gigabit Power |             |         |            |      |                     |                      |         |            |           |          |          |                  |              |                   |              |
| D7         |               |            | MGTPTXP3_216                 | Gigabit       |             |         |            |      |                     |                      |         |            |           |          |          |                  |              |                   |              |
| D8         |               |            | GND                          | GND           |             |         |            |      |                     |                      |     0.0 |            |           |          |          |                  |              |                   |              |
| D9         |               |            | MGTPRXP3_216                 | Gigabit       |             |         |            |      |                     |                      |         |            |           |          |          |                  |              |                   |              |
| D10        |               |            | MGTAVCC                      | Gigabit Power |             |         |            |      |                     |                      |         |            |           |          |          |                  |              |                   |              |
| D11        |               |            | MGTPRXP1_216                 | Gigabit       |             |         |            |      |                     |                      |         |            |           |          |          |                  |              |                   |              |
| D12        |               |            | GND                          | GND           |             |         |            |      |                     |                      |     0.0 |            |           |          |          |                  |              |                   |              |
| D13        |               |            | GND                          | GND           |             |         |            |      |                     |                      |     0.0 |            |           |          |          |                  |              |                   |              |
| D14        | o_sig[60]     | High Range | IO_L6P_T0_16                 | OUTPUT        | LVCMOS33    |      16 |         12 | SLOW |                     |            FP_VTT_50 |         | FIXED      |           |          |          | NONE             |              |                   |              |
| D15        | o_sig[28]     | High Range | IO_L6N_T0_VREF_16            | OUTPUT        | LVCMOS33    |      16 |         12 | SLOW |                     |            FP_VTT_50 |         | FIXED      |           |          |          | NONE             |              |                   |              |
| D16        | o_sig[19]     | High Range | IO_L5N_T0_16                 | OUTPUT        | LVCMOS33    |      16 |         12 | SLOW |                     |            FP_VTT_50 |         | FIXED      |           |          |          | NONE             |              |                   |              |
| D17        | o_sig[50]     | High Range | IO_L12P_T1_MRCC_16           | OUTPUT        | LVCMOS33    |      16 |         12 | SLOW |                     |            FP_VTT_50 |         | FIXED      |           |          |          | NONE             |              |                   |              |
| D18        |               | High Range | VCCO_16                      | VCCO          |             |      16 |            |      |                     |                      |    3.30 |            |           |          |          |                  |              |                   |              |
| D19        |               | High Range | IO_L14N_T2_SRCC_16           | User IO       |             |      16 |            |      |                     |                      |         |            |           |          |          |                  |              |                   |              |
| D20        | o_sig[45]     | High Range | IO_L19P_T3_16                | OUTPUT        | LVCMOS33    |      16 |         12 | SLOW |                     |            FP_VTT_50 |         | FIXED      |           |          |          | NONE             |              |                   |              |
| D21        | o_sig[10]     | High Range | IO_L23N_T3_16                | OUTPUT        | LVCMOS33    |      16 |         12 | SLOW |                     |            FP_VTT_50 |         | FIXED      |           |          |          | NONE             |              |                   |              |
| D22        | o_sig[11]     | High Range | IO_L22N_T3_16                | OUTPUT        | LVCMOS33    |      16 |         12 | SLOW |                     |            FP_VTT_50 |         | FIXED      |           |          |          | NONE             |              |                   |              |
| E1         | ddr3_dqs_p[1] | High Range | IO_L3P_T0_DQS_AD5P_35        | BIDIR         | DIFF_SSTL15 |      35 |            | FAST |                     |            FP_VTT_50 |         | FIXED      |           |          |          | NONE             |              |                   |              |
| E2         | ddr3_dq[14]   | High Range | IO_L4P_T0_35                 | BIDIR         | SSTL15      |      35 |            | FAST |    UNTUNED_SPLIT_50 |            FP_VTT_50 |         | FIXED      |           |          | Internal | NONE             |              |                   |              |
| E3         | ddr3_dq[8]    | High Range | IO_L6N_T0_VREF_35            | BIDIR         | SSTL15      |      35 |            | FAST |    UNTUNED_SPLIT_50 |            FP_VTT_50 |         | FIXED      |           |          | Internal | NONE             |              |                   |              |
| E4         |               |            | GND                          | GND           |             |         |            |      |                     |                      |     0.0 |            |           |          |          |                  |              |                   |              |
| E5         |               |            | GND                          | GND           |             |         |            |      |                     |                      |     0.0 |            |           |          |          |                  |              |                   |              |
| E6         |               |            | MGTREFCLK0N_216              | Gigabit       |             |         |            |      |                     |                      |         |            |           |          |          |                  |              |                   |              |
| E7         |               |            | GND                          | GND           |             |         |            |      |                     |                      |     0.0 |            |           |          |          |                  |              |                   |              |
| E8         |               |            | MGTAVCC                      | Gigabit Power |             |         |            |      |                     |                      |         |            |           |          |          |                  |              |                   |              |
| E9         |               |            | GND                          | GND           |             |         |            |      |                     |                      |     0.0 |            |           |          |          |                  |              |                   |              |
| E10        |               |            | MGTREFCLK1N_216              | Gigabit       |             |         |            |      |                     |                      |         |            |           |          |          |                  |              |                   |              |
| E11        |               |            | GND                          | GND           |             |         |            |      |                     |                      |     0.0 |            |           |          |          |                  |              |                   |              |
| E12        |               | Dedicated  | VCCBATT_0                    | Config        |             |       0 |            |      |                     |                      |         |            |           |          |          |                  |              |                   |              |
| E13        | o_sig[54]     | High Range | IO_L4P_T0_16                 | OUTPUT        | LVCMOS33    |      16 |         12 | SLOW |                     |            FP_VTT_50 |         | FIXED      |           |          |          | NONE             |              |                   |              |
| E14        | o_sig[22]     | High Range | IO_L4N_T0_16                 | OUTPUT        | LVCMOS33    |      16 |         12 | SLOW |                     |            FP_VTT_50 |         | FIXED      |           |          |          | NONE             |              |                   |              |
| E15        |               | High Range | VCCO_16                      | VCCO          |             |      16 |            |      |                     |                      |    3.30 |            |           |          |          |                  |              |                   |              |
| E16        | o_sig[51]     | High Range | IO_L5P_T0_16                 | OUTPUT        | LVCMOS33    |      16 |         12 | SLOW |                     |            FP_VTT_50 |         | FIXED      |           |          |          | NONE             |              |                   |              |
| E17        | o_sig[24]     | High Range | IO_L2N_T0_16                 | OUTPUT        | LVCMOS33    |      16 |         12 | SLOW |                     |            FP_VTT_50 |         | FIXED      |           |          |          | NONE             |              |                   |              |
| E18        | o_sig[16]     | High Range | IO_L15N_T2_DQS_16            | OUTPUT        | LVCMOS33    |      16 |         12 | SLOW |                     |            FP_VTT_50 |         | FIXED      |           |          |          | NONE             |              |                   |              |
| E19        | o_sig[47]     | High Range | IO_L14P_T2_SRCC_16           | OUTPUT        | LVCMOS33    |      16 |         12 | SLOW |                     |            FP_VTT_50 |         | FIXED      |           |          |          | NONE             |              |                   |              |
| E20        |               |            | GND                          | GND           |             |         |            |      |                     |                      |     0.0 |            |           |          |          |                  |              |                   |              |
| E21        | o_sig[42]     | High Range | IO_L23P_T3_16                | OUTPUT        | LVCMOS33    |      16 |         12 | SLOW |                     |            FP_VTT_50 |         | FIXED      |           |          |          | NONE             |              |                   |              |
| E22        | o_sig[43]     | High Range | IO_L22P_T3_16                | OUTPUT        | LVCMOS33    |      16 |         12 | SLOW |                     |            FP_VTT_50 |         | FIXED      |           |          |          | NONE             |              |                   |              |
| F1         | ddr3_dq[10]   | High Range | IO_L5N_T0_AD13N_35           | BIDIR         | SSTL15      |      35 |            | FAST |    UNTUNED_SPLIT_50 |            FP_VTT_50 |         | FIXED      |           |          | Internal | NONE             |              |                   |              |
| F2         |               | High Range | VCCO_35                      | VCCO          |             |      35 |            |      |                     |                      |    1.50 |            |           |          |          |                  |              |                   |              |
| F3         | ddr3_dm[1]    | High Range | IO_L6P_T0_35                 | TRISTATE      | SSTL15      |      35 |            | FAST |                     |            FP_VTT_50 |         | FIXED      |           |          |          | NONE             |              |                   |              |
| F4         |               | High Range | IO_0_35                      | User IO       |             |      35 |            |      |                     |                      |         |            |           |          |          |                  |              |                   |              |
| F5         |               |            | GND                          | GND           |             |         |            |      |                     |                      |     0.0 |            |           |          |          |                  |              |                   |              |
| F6         |               |            | MGTREFCLK0P_216              | Gigabit       |             |         |            |      |                     |                      |         |            |           |          |          |                  |              |                   |              |
| F7         |               |            | MGTAVCC                      | Gigabit Power |             |         |            |      |                     |                      |         |            |           |          |          |                  |              |                   |              |
| F8         |               |            | MGTRREF_216                  | Gigabit       |             |         |            |      |                     |                      |         |            |           |          |          |                  |              |                   |              |
| F9         |               |            | MGTAVCC                      | Gigabit Power |             |         |            |      |                     |                      |         |            |           |          |          |                  |              |                   |              |
| F10        |               |            | MGTREFCLK1P_216              | Gigabit       |             |         |            |      |                     |                      |         |            |           |          |          |                  |              |                   |              |
| F11        |               |            | GND                          | GND           |             |         |            |      |                     |                      |     0.0 |            |           |          |          |                  |              |                   |              |
| F12        |               | Dedicated  | VCCO_0                       | VCCO          |             |       0 |            |      |                     |                      |   any** |            |           |          |          |                  |              |                   |              |
| F13        | o_sig[58]     | High Range | IO_L1P_T0_16                 | OUTPUT        | LVCMOS33    |      16 |         12 | SLOW |                     |            FP_VTT_50 |         | FIXED      |           |          |          | NONE             |              |                   |              |
| F14        | o_sig[26]     | High Range | IO_L1N_T0_16                 | OUTPUT        | LVCMOS33    |      16 |         12 | SLOW |                     |            FP_VTT_50 |         | FIXED      |           |          |          | NONE             |              |                   |              |
| F15        |               | High Range | IO_0_16                      | User IO       |             |      16 |            |      |                     |                      |         |            |           |          |          |                  |              |                   |              |
| F16        | o_sig[56]     | High Range | IO_L2P_T0_16                 | OUTPUT        | LVCMOS33    |      16 |         12 | SLOW |                     |            FP_VTT_50 |         | FIXED      |           |          |          | NONE             |              |                   |              |
| F17        |               |            | GND                          | GND           |             |         |            |      |                     |                      |     0.0 |            |           |          |          |                  |              |                   |              |
| F18        | o_sig[48]     | High Range | IO_L15P_T2_DQS_16            | OUTPUT        | LVCMOS33    |      16 |         12 | SLOW |                     |            FP_VTT_50 |         | FIXED      |           |          |          | NONE             |              |                   |              |
| F19        | o_sig[44]     | High Range | IO_L18P_T2_16                | OUTPUT        | LVCMOS33    |      16 |         12 | SLOW |                     |            FP_VTT_50 |         | FIXED      |           |          |          | NONE             |              |                   |              |
| F20        | o_sig[12]     | High Range | IO_L18N_T2_16                | OUTPUT        | LVCMOS33    |      16 |         12 | SLOW |                     |            FP_VTT_50 |         | FIXED      |           |          |          | NONE             |              |                   |              |
| F21        |               | High Range | IO_25_16                     | User IO       |             |      16 |            |      |                     |                      |         |            |           |          |          |                  |              |                   |              |
| F22        |               | High Range | VCCO_16                      | VCCO          |             |      16 |            |      |                     |                      |    3.30 |            |           |          |          |                  |              |                   |              |
| G1         | ddr3_reset_n  | High Range | IO_L5P_T0_AD13P_35           | OUTPUT        | LVCMOS15    |      35 |         12 | FAST |                     |            FP_VTT_50 |         | FIXED      |           |          |          | NONE             |              |                   |              |
| G2         | ddr3_dq[2]    | High Range | IO_L8N_T1_AD14N_35           | BIDIR         | SSTL15      |      35 |            | FAST |    UNTUNED_SPLIT_50 |            FP_VTT_50 |         | FIXED      |           |          | Internal | NONE             |              |                   |              |
| G3         | ddr3_dq[0]    | High Range | IO_L11N_T1_SRCC_35           | BIDIR         | SSTL15      |      35 |            | FAST |    UNTUNED_SPLIT_50 |            FP_VTT_50 |         | FIXED      |           |          | Internal | NONE             |              |                   |              |
| G4         |               | High Range | IO_L12N_T1_MRCC_35           | User IO       |             |      35 |            |      |                     |                      |         |            |           |          |          |                  |              |                   |              |
| G5         |               |            | GND                          | GND           |             |         |            |      |                     |                      |     0.0 |            |           |          |          |                  |              |                   |              |
| G6         |               |            | GND                          | GND           |             |         |            |      |                     |                      |     0.0 |            |           |          |          |                  |              |                   |              |
| G7         |               |            | GND                          | GND           |             |         |            |      |                     |                      |     0.0 |            |           |          |          |                  |              |                   |              |
| G8         |               |            | GND                          | GND           |             |         |            |      |                     |                      |     0.0 |            |           |          |          |                  |              |                   |              |
| G9         |               |            | GND                          | GND           |             |         |            |      |                     |                      |     0.0 |            |           |          |          |                  |              |                   |              |
| G10        |               |            | GND                          | GND           |             |         |            |      |                     |                      |     0.0 |            |           |          |          |                  |              |                   |              |
| G11        |               | Dedicated  | DONE_0                       | Config        |             |       0 |            |      |                     |                      |         |            |           |          |          |                  |              |                   |              |
| G12        |               |            | GND                          | GND           |             |         |            |      |                     |                      |     0.0 |            |           |          |          |                  |              |                   |              |
| G13        | o_sig[8]      | High Range | IO_L1N_T0_AD0N_15            | OUTPUT        | LVCMOS33    |      15 |         12 | SLOW |                     |            FP_VTT_50 |         | FIXED      |           |          |          | NONE             |              |                   |              |
| G14        |               |            | GND                          | GND           |             |         |            |      |                     |                      |     0.0 |            |           |          |          |                  |              |                   |              |
| G15        | o_sig[37]     | High Range | IO_L2P_T0_AD8P_15            | OUTPUT        | LVCMOS33    |      15 |         12 | SLOW |                     |            FP_VTT_50 |         | FIXED      |           |          |          | NONE             |              |                   |              |
| G16        | o_sig[5]      | High Range | IO_L2N_T0_AD8N_15            | OUTPUT        | LVCMOS33    |      15 |         12 | SLOW |                     |            FP_VTT_50 |         | FIXED      |           |          |          | NONE             |              |                   |              |
| G17        | o_sig[36]     | High Range | IO_L4P_T0_15                 | OUTPUT        | LVCMOS33    |      15 |         12 | SLOW |                     |            FP_VTT_50 |         | FIXED      |           |          |          | NONE             |              |                   |              |
| G18        | o_sig[4]      | High Range | IO_L4N_T0_15                 | OUTPUT        | LVCMOS33    |      15 |         12 | SLOW |                     |            FP_VTT_50 |         | FIXED      |           |          |          | NONE             |              |                   |              |
| G19        |               | High Range | VCCO_15                      | VCCO          |             |      15 |            |      |                     |                      |    3.30 |            |           |          |          |                  |              |                   |              |
| G20        | o_sig[1]      | High Range | IO_L8N_T1_AD10N_15           | OUTPUT        | LVCMOS33    |      15 |         12 | SLOW |                     |            FP_VTT_50 |         | FIXED      |           |          |          | NONE             |              |                   |              |
| G21        | o_sig[41]     | High Range | IO_L24P_T3_16                | OUTPUT        | LVCMOS33    |      16 |         12 | SLOW |                     |            FP_VTT_50 |         | FIXED      |           |          |          | NONE             |              |                   |              |
| G22        | o_sig[9]      | High Range | IO_L24N_T3_16                | OUTPUT        | LVCMOS33    |      16 |         12 | SLOW |                     |            FP_VTT_50 |         | FIXED      |           |          |          | NONE             |              |                   |              |
| H1         |               |            | GND                          | GND           |             |         |            |      |                     |                      |     0.0 |            |           |          |          |                  |              |                   |              |
| H2         | ddr3_dq[6]    | High Range | IO_L8P_T1_AD14P_35           | BIDIR         | SSTL15      |      35 |            | FAST |    UNTUNED_SPLIT_50 |            FP_VTT_50 |         | FIXED      |           |          | Internal | NONE             |              |                   |              |
| H3         | ddr3_dq[4]    | High Range | IO_L11P_T1_SRCC_35           | BIDIR         | SSTL15      |      35 |            | FAST |    UNTUNED_SPLIT_50 |            FP_VTT_50 |         | FIXED      |           |          | Internal | NONE             |              |                   |              |
| H4         | ddr3_dq[1]    | High Range | IO_L12P_T1_MRCC_35           | BIDIR         | SSTL15      |      35 |            | FAST |    UNTUNED_SPLIT_50 |            FP_VTT_50 |         | FIXED      |           |          | Internal | NONE             |              |                   |              |
| H5         | ddr3_dm[0]    | High Range | IO_L10N_T1_AD15N_35          | TRISTATE      | SSTL15      |      35 |            | FAST |                     |            FP_VTT_50 |         | FIXED      |           |          |          | NONE             |              |                   |              |
| H6         |               | High Range | VCCO_35                      | VCCO          |             |      35 |            |      |                     |                      |    1.50 |            |           |          |          |                  |              |                   |              |
| H7         |               |            | GND                          | GND           |             |         |            |      |                     |                      |     0.0 |            |           |          |          |                  |              |                   |              |
| H8         |               |            | VCCINT                       | VCCINT        |             |         |            |      |                     |                      |         |            |           |          |          |                  |              |                   |              |
| H9         |               |            | GND                          | GND           |             |         |            |      |                     |                      |     0.0 |            |           |          |          |                  |              |                   |              |
| H10        |               |            | VCCINT                       | VCCINT        |             |         |            |      |                     |                      |         |            |           |          |          |                  |              |                   |              |
| H11        |               |            | GND                          | GND           |             |         |            |      |                     |                      |     0.0 |            |           |          |          |                  |              |                   |              |
| H12        |               |            | VCCAUX                       | VCCAUX        |             |         |            |      |                     |                      |    1.80 |            |           |          |          |                  |              |                   |              |
| H13        | o_sig[40]     | High Range | IO_L1P_T0_AD0P_15            | OUTPUT        | LVCMOS33    |      15 |         12 | SLOW |                     |            FP_VTT_50 |         | FIXED      |           |          |          | NONE             |              |                   |              |
| H14        | o_sig[7]      | High Range | IO_L3N_T0_DQS_AD1N_15        | OUTPUT        | LVCMOS33    |      15 |         12 | SLOW |                     |            FP_VTT_50 |         | FIXED      |           |          |          | NONE             |              |                   |              |
| H15        | o_sig[6]      | High Range | IO_L5N_T0_AD9N_15            | OUTPUT        | LVCMOS33    |      15 |         12 | SLOW |                     |            FP_VTT_50 |         | FIXED      |           |          |          | NONE             |              |                   |              |
| H16        |               | High Range | VCCO_15                      | VCCO          |             |      15 |            |      |                     |                      |    3.30 |            |           |          |          |                  |              |                   |              |
| H17        | o_sig[35]     | High Range | IO_L6P_T0_15                 | OUTPUT        | LVCMOS33    |      15 |         12 | SLOW |                     |            FP_VTT_50 |         | FIXED      |           |          |          | NONE             |              |                   |              |
| H18        | o_sig[3]      | High Range | IO_L6N_T0_VREF_15            | OUTPUT        | LVCMOS33    |      15 |         12 | SLOW |                     |            FP_VTT_50 |         | FIXED      |           |          |          | NONE             |              |                   |              |
| H19        | o_sig[2]      | High Range | IO_L12N_T1_MRCC_15           | OUTPUT        | LVCMOS33    |      15 |         12 | SLOW |                     |            FP_VTT_50 |         | FIXED      |           |          |          | NONE             |              |                   |              |
| H20        | o_sig[33]     | High Range | IO_L8P_T1_AD10P_15           | OUTPUT        | LVCMOS33    |      15 |         12 | SLOW |                     |            FP_VTT_50 |         | FIXED      |           |          |          | NONE             |              |                   |              |
| H21        |               |            | GND                          | GND           |             |         |            |      |                     |                      |     0.0 |            |           |          |          |                  |              |                   |              |
| H22        |               | High Range | IO_L7N_T1_AD2N_15            | User IO       |             |      15 |            |      |                     |                      |         |            |           |          |          |                  |              |                   |              |
| J1         | ddr3_dq[3]    | High Range | IO_L7N_T1_AD6N_35            | BIDIR         | SSTL15      |      35 |            | FAST |    UNTUNED_SPLIT_50 |            FP_VTT_50 |         | FIXED      |           |          | Internal | NONE             |              |                   |              |
| J2         | ddr3_dqs_n[0] | High Range | IO_L9N_T1_DQS_AD7N_35        | BIDIR         | DIFF_SSTL15 |      35 |            | FAST |                     |            FP_VTT_50 |         | FIXED      |           |          |          | NONE             |              |                   |              |
| J3         |               | High Range | VCCO_35                      | VCCO          |             |      35 |            |      |                     |                      |    1.50 |            |           |          |          |                  |              |                   |              |
| J4         | ddr3_odt[0]   | High Range | IO_L13N_T2_MRCC_35           | OUTPUT        | SSTL15      |      35 |            | FAST |                     |            FP_VTT_50 |         | FIXED      |           |          |          | NONE             |              |                   |              |
| J5         | ddr3_dq[7]    | High Range | IO_L10P_T1_AD15P_35          | BIDIR         | SSTL15      |      35 |            | FAST |    UNTUNED_SPLIT_50 |            FP_VTT_50 |         | FIXED      |           |          | Internal | NONE             |              |                   |              |
| J6         | ddr3_ras_n    | High Range | IO_L17N_T2_35                | OUTPUT        | SSTL15      |      35 |            | FAST |                     |            FP_VTT_50 |         | FIXED      |           |          |          | NONE             |              |                   |              |
| J7         |               |            | VCCINT                       | VCCINT        |             |         |            |      |                     |                      |         |            |           |          |          |                  |              |                   |              |
| J8         |               |            | GND                          | GND           |             |         |            |      |                     |                      |     0.0 |            |           |          |          |                  |              |                   |              |
| J9         |               |            | VCCINT                       | VCCINT        |             |         |            |      |                     |                      |         |            |           |          |          |                  |              |                   |              |
| J10        |               |            | GND                          | GND           |             |         |            |      |                     |                      |     0.0 |            |           |          |          |                  |              |                   |              |
| J11        |               |            | VCCBRAM                      | VCCBRAM       |             |         |            |      |                     |                      |         |            |           |          |          |                  |              |                   |              |
| J12        |               |            | GND                          | GND           |             |         |            |      |                     |                      |     0.0 |            |           |          |          |                  |              |                   |              |
| J13        |               | High Range | VCCO_15                      | VCCO          |             |      15 |            |      |                     |                      |    3.30 |            |           |          |          |                  |              |                   |              |
| J14        | o_sig[39]     | High Range | IO_L3P_T0_DQS_AD1P_15        | OUTPUT        | LVCMOS33    |      15 |         12 | SLOW |                     |            FP_VTT_50 |         | FIXED      |           |          |          | NONE             |              |                   |              |
| J15        | o_sig[38]     | High Range | IO_L5P_T0_AD9P_15            | OUTPUT        | LVCMOS33    |      15 |         12 | SLOW |                     |            FP_VTT_50 |         | FIXED      |           |          |          | NONE             |              |                   |              |
| J16        |               | High Range | IO_0_15                      | User IO       |             |      15 |            |      |                     |                      |         |            |           |          |          |                  |              |                   |              |
| J17        |               | High Range | IO_L21N_T3_DQS_A18_15        | User IO       |             |      15 |            |      |                     |                      |         |            |           |          |          |                  |              |                   |              |
| J18        |               |            | GND                          | GND           |             |         |            |      |                     |                      |     0.0 |            |           |          |          |                  |              |                   |              |
| J19        | o_sig[34]     | High Range | IO_L12P_T1_MRCC_15           | OUTPUT        | LVCMOS33    |      15 |         12 | SLOW |                     |            FP_VTT_50 |         | FIXED      |           |          |          | NONE             |              |                   |              |
| J20        | o_sig[32]     | High Range | IO_L11P_T1_SRCC_15           | OUTPUT        | LVCMOS33    |      15 |         12 | SLOW |                     |            FP_VTT_50 |         | FIXED      |           |          |          | NONE             |              |                   |              |
| J21        | o_sig[0]      | High Range | IO_L11N_T1_SRCC_15           | OUTPUT        | LVCMOS33    |      15 |         12 | SLOW |                     |            FP_VTT_50 |         | FIXED      |           |          |          | NONE             |              |                   |              |
| J22        |               | High Range | IO_L7P_T1_AD2P_15            | User IO       |             |      15 |            |      |                     |                      |         |            |           |          |          |                  |              |                   |              |
| K1         | ddr3_dq[5]    | High Range | IO_L7P_T1_AD6P_35            | BIDIR         | SSTL15      |      35 |            | FAST |    UNTUNED_SPLIT_50 |            FP_VTT_50 |         | FIXED      |           |          | Internal | NONE             |              |                   |              |
| K2         | ddr3_dqs_p[0] | High Range | IO_L9P_T1_DQS_AD7P_35        | BIDIR         | DIFF_SSTL15 |      35 |            | FAST |                     |            FP_VTT_50 |         | FIXED      |           |          |          | NONE             |              |                   |              |
| K3         | ddr3_cas_n    | High Range | IO_L14N_T2_SRCC_35           | OUTPUT        | SSTL15      |      35 |            | FAST |                     |            FP_VTT_50 |         | FIXED      |           |          |          | NONE             |              |                   |              |
| K4         | ddr3_we_n     | High Range | IO_L13P_T2_MRCC_35           | OUTPUT        | SSTL15      |      35 |            | FAST |                     |            FP_VTT_50 |         | FIXED      |           |          |          | NONE             |              |                   |              |
| K5         |               |            | GND                          | GND           |             |         |            |      |                     |                      |     0.0 |            |           |          |          |                  |              |                   |              |
| K6         | ddr3_ba[2]    | High Range | IO_L17P_T2_35                | OUTPUT        | SSTL15      |      35 |            | FAST |                     |            FP_VTT_50 |         | FIXED      |           |          |          | NONE             |              |                   |              |
| K7         |               |            | GND                          | GND           |             |         |            |      |                     |                      |     0.0 |            |           |          |          |                  |              |                   |              |
| K8         |               |            | VCCINT                       | VCCINT        |             |         |            |      |                     |                      |         |            |           |          |          |                  |              |                   |              |
| K9         |               | Dedicated  | GNDADC_0                     | XADC          |             |       0 |            |      |                     |                      |         |            |           |          |          |                  |              |                   |              |
| K10        |               | Dedicated  | VCCADC_0                     | XADC          |             |       0 |            |      |                     |                      |         |            |           |          |          |                  |              |                   |              |
| K11        |               |            | GND                          | GND           |             |         |            |      |                     |                      |     0.0 |            |           |          |          |                  |              |                   |              |
| K12        |               |            | VCCAUX                       | VCCAUX        |             |         |            |      |                     |                      |    1.80 |            |           |          |          |                  |              |                   |              |
| K13        |               | High Range | IO_L19P_T3_A22_15            | User IO       |             |      15 |            |      |                     |                      |         |            |           |          |          |                  |              |                   |              |
| K14        |               | High Range | IO_L19N_T3_A21_VREF_15       | User IO       |             |      15 |            |      |                     |                      |         |            |           |          |          |                  |              |                   |              |
| K15        |               |            | GND                          | GND           |             |         |            |      |                     |                      |     0.0 |            |           |          |          |                  |              |                   |              |
| K16        |               | High Range | IO_L23N_T3_FWE_B_15          | User IO       |             |      15 |            |      |                     |                      |         |            |           |          |          |                  |              |                   |              |
| K17        |               | High Range | IO_L21P_T3_DQS_15            | User IO       |             |      15 |            |      |                     |                      |         |            |           |          |          |                  |              |                   |              |
| K18        | o_sig[100]    | High Range | IO_L13P_T2_MRCC_15           | OUTPUT        | LVCMOS33    |      15 |         12 | SLOW |                     |            FP_VTT_50 |         | FIXED      |           |          |          | NONE             |              |                   |              |
| K19        | o_sig[68]     | High Range | IO_L13N_T2_MRCC_15           | OUTPUT        | LVCMOS33    |      15 |         12 | SLOW |                     |            FP_VTT_50 |         | FIXED      |           |          |          | NONE             |              |                   |              |
| K20        |               | High Range | VCCO_15                      | VCCO          |             |      15 |            |      |                     |                      |    3.30 |            |           |          |          |                  |              |                   |              |
| K21        |               | High Range | IO_L9P_T1_DQS_AD3P_15        | User IO       |             |      15 |            |      |                     |                      |         |            |           |          |          |                  |              |                   |              |
| K22        |               | High Range | IO_L9N_T1_DQS_AD3N_15        | User IO       |             |      15 |            |      |                     |                      |         |            |           |          |          |                  |              |                   |              |
| L1         | ddr3_cke[0]   | High Range | IO_L15N_T2_DQS_35            | OUTPUT        | SSTL15      |      35 |            | FAST |                     |            FP_VTT_50 |         | FIXED      |           |          |          | NONE             |              |                   |              |
| L2         |               |            | GND                          | GND           |             |         |            |      |                     |                      |     0.0 |            |           |          |          |                  |              |                   |              |
| L3         | ddr3_ba[0]    | High Range | IO_L14P_T2_SRCC_35           | OUTPUT        | SSTL15      |      35 |            | FAST |                     |            FP_VTT_50 |         | FIXED      |           |          |          | NONE             |              |                   |              |
| L4         | ddr3_addr[3]  | High Range | IO_L18N_T2_35                | OUTPUT        | SSTL15      |      35 |            | FAST |                     |            FP_VTT_50 |         | FIXED      |           |          |          | NONE             |              |                   |              |
| L5         | ddr3_addr[10] | High Range | IO_L18P_T2_35                | OUTPUT        | SSTL15      |      35 |            | FAST |                     |            FP_VTT_50 |         | FIXED      |           |          |          | NONE             |              |                   |              |
| L6         | ddr3_addr[14] | High Range | IO_25_35                     | OUTPUT        | SSTL15      |      35 |            | FAST |                     |            FP_VTT_50 |         | FIXED      |           |          |          | NONE             |              |                   |              |
| L7         |               |            | VCCINT                       | VCCINT        |             |         |            |      |                     |                      |         |            |           |          |          |                  |              |                   |              |
| L8         |               |            | GND                          | GND           |             |         |            |      |                     |                      |     0.0 |            |           |          |          |                  |              |                   |              |
| L9         |               | Dedicated  | VREFN_0                      | XADC          |             |       0 |            |      |                     |                      |         |            |           |          |          |                  |              |                   |              |
| L10        |               | Dedicated  | VP_0                         | XADC          |             |       0 |            |      |                     |                      |         |            |           |          |          |                  |              |                   |              |
| L11        |               |            | VCCBRAM                      | VCCBRAM       |             |         |            |      |                     |                      |         |            |           |          |          |                  |              |                   |              |
| L12        |               | Dedicated  | CCLK_0                       | Config        |             |       0 |            |      |                     |                      |         |            |           |          |          |                  |              |                   |              |
| L13        |               | High Range | IO_L20N_T3_A19_15            | User IO       |             |      15 |            |      |                     |                      |         |            |           |          |          |                  |              |                   |              |
| L14        |               | High Range | IO_L22P_T3_A17_15            | User IO       |             |      15 |            |      |                     |                      |         |            |           |          |          |                  |              |                   |              |
| L15        |               | High Range | IO_L22N_T3_A16_15            | User IO       |             |      15 |            |      |                     |                      |         |            |           |          |          |                  |              |                   |              |
| L16        |               | High Range | IO_L23P_T3_FOE_B_15          | User IO       |             |      15 |            |      |                     |                      |         |            |           |          |          |                  |              |                   |              |
| L17        |               | High Range | VCCO_15                      | VCCO          |             |      15 |            |      |                     |                      |    3.30 |            |           |          |          |                  |              |                   |              |
| L18        | o_sig[69]     | High Range | IO_L16N_T2_A27_15            | OUTPUT        | LVCMOS33    |      15 |         12 | SLOW |                     |            FP_VTT_50 |         | FIXED      |           |          |          | NONE             |              |                   |              |
| L19        | o_sig[98]     | High Range | IO_L14P_T2_SRCC_15           | OUTPUT        | LVCMOS33    |      15 |         12 | SLOW |                     |            FP_VTT_50 |         | FIXED      |           |          |          | NONE             |              |                   |              |
| L20        | o_sig[66]     | High Range | IO_L14N_T2_SRCC_15           | OUTPUT        | LVCMOS33    |      15 |         12 | SLOW |                     |            FP_VTT_50 |         | FIXED      |           |          |          | NONE             |              |                   |              |
| L21        |               | High Range | IO_L10N_T1_AD11N_15          | User IO       |             |      15 |            |      |                     |                      |         |            |           |          |          |                  |              |                   |              |
| L22        |               |            | GND                          | GND           |             |         |            |      |                     |                      |     0.0 |            |           |          |          |                  |              |                   |              |
| M1         | ddr3_ba[1]    | High Range | IO_L15P_T2_DQS_35            | OUTPUT        | SSTL15      |      35 |            | FAST |                     |            FP_VTT_50 |         | FIXED      |           |          |          | NONE             |              |                   |              |
| M2         | ddr3_addr[5]  | High Range | IO_L16N_T2_35                | OUTPUT        | SSTL15      |      35 |            | FAST |                     |            FP_VTT_50 |         | FIXED      |           |          |          | NONE             |              |                   |              |
| M3         | ddr3_addr[0]  | High Range | IO_L16P_T2_35                | OUTPUT        | SSTL15      |      35 |            | FAST |                     |            FP_VTT_50 |         | FIXED      |           |          |          | NONE             |              |                   |              |
| M4         |               | High Range | VCCO_35                      | VCCO          |             |      35 |            |      |                     |                      |    1.50 |            |           |          |          |                  |              |                   |              |
| M5         | ddr3_addr[12] | High Range | IO_L23N_T3_35                | OUTPUT        | SSTL15      |      35 |            | FAST |                     |            FP_VTT_50 |         | FIXED      |           |          |          | NONE             |              |                   |              |
| M6         | ddr3_addr[6]  | High Range | IO_L23P_T3_35                | OUTPUT        | SSTL15      |      35 |            | FAST |                     |            FP_VTT_50 |         | FIXED      |           |          |          | NONE             |              |                   |              |
| M7         |               |            | GND                          | GND           |             |         |            |      |                     |                      |     0.0 |            |           |          |          |                  |              |                   |              |
| M8         |               |            | VCCINT                       | VCCINT        |             |         |            |      |                     |                      |         |            |           |          |          |                  |              |                   |              |
| M9         |               | Dedicated  | VN_0                         | XADC          |             |       0 |            |      |                     |                      |         |            |           |          |          |                  |              |                   |              |
| M10        |               | Dedicated  | VREFP_0                      | XADC          |             |       0 |            |      |                     |                      |         |            |           |          |          |                  |              |                   |              |
| M11        |               |            | GND                          | GND           |             |         |            |      |                     |                      |     0.0 |            |           |          |          |                  |              |                   |              |
| M12        |               |            | VCCAUX                       | VCCAUX        |             |         |            |      |                     |                      |    1.80 |            |           |          |          |                  |              |                   |              |
| M13        |               | High Range | IO_L20P_T3_A20_15            | User IO       |             |      15 |            |      |                     |                      |         |            |           |          |          |                  |              |                   |              |
| M14        |               | High Range | VCCO_14                      | VCCO          |             |      14 |            |      |                     |                      |    3.30 |            |           |          |          |                  |              |                   |              |
| M15        | o_sig[102]    | High Range | IO_L24P_T3_RS1_15            | OUTPUT        | LVCMOS33    |      15 |         12 | SLOW |                     |            FP_VTT_50 |         | FIXED      |           |          |          | NONE             |              |                   |              |
| M16        | o_sig[70]     | High Range | IO_L24N_T3_RS0_15            | OUTPUT        | LVCMOS33    |      15 |         12 | SLOW |                     |            FP_VTT_50 |         | FIXED      |           |          |          | NONE             |              |                   |              |
| M17        |               | High Range | IO_25_15                     | User IO       |             |      15 |            |      |                     |                      |         |            |           |          |          |                  |              |                   |              |
| M18        | o_sig[101]    | High Range | IO_L16P_T2_A28_15            | OUTPUT        | LVCMOS33    |      15 |         12 | SLOW |                     |            FP_VTT_50 |         | FIXED      |           |          |          | NONE             |              |                   |              |
| M19        |               |            | GND                          | GND           |             |         |            |      |                     |                      |     0.0 |            |           |          |          |                  |              |                   |              |
| M20        | o_sig[65]     | High Range | IO_L18N_T2_A23_15            | OUTPUT        | LVCMOS33    |      15 |         12 | SLOW |                     |            FP_VTT_50 |         | FIXED      |           |          |          | NONE             |              |                   |              |
| M21        |               | High Range | IO_L10P_T1_AD11P_15          | User IO       |             |      15 |            |      |                     |                      |         |            |           |          |          |                  |              |                   |              |
| M22        | o_sig[64]     | High Range | IO_L15N_T2_DQS_ADV_B_15      | OUTPUT        | LVCMOS33    |      15 |         12 | SLOW |                     |            FP_VTT_50 |         | FIXED      |           |          |          | NONE             |              |                   |              |
| N1         |               | High Range | VCCO_35                      | VCCO          |             |      35 |            |      |                     |                      |    1.50 |            |           |          |          |                  |              |                   |              |
| N2         | ddr3_addr[7]  | High Range | IO_L22N_T3_35                | OUTPUT        | SSTL15      |      35 |            | FAST |                     |            FP_VTT_50 |         | FIXED      |           |          |          | NONE             |              |                   |              |
| N3         | ddr3_addr[2]  | High Range | IO_L19N_T3_VREF_35           | OUTPUT        | SSTL15      |      35 |            | FAST |                     |            FP_VTT_50 |         | FIXED      |           |          |          | NONE             |              |                   |              |
| N4         | ddr3_addr[13] | High Range | IO_L19P_T3_35                | OUTPUT        | SSTL15      |      35 |            | FAST |                     |            FP_VTT_50 |         | FIXED      |           |          |          | NONE             |              |                   |              |
| N5         | ddr3_addr[11] | High Range | IO_L24N_T3_35                | OUTPUT        | SSTL15      |      35 |            | FAST |                     |            FP_VTT_50 |         | FIXED      |           |          |          | NONE             |              |                   |              |
| N6         |               |            | GND                          | GND           |             |         |            |      |                     |                      |     0.0 |            |           |          |          |                  |              |                   |              |
| N7         |               |            | VCCINT                       | VCCINT        |             |         |            |      |                     |                      |         |            |           |          |          |                  |              |                   |              |
| N8         |               |            | GND                          | GND           |             |         |            |      |                     |                      |     0.0 |            |           |          |          |                  |              |                   |              |
| N9         |               | Dedicated  | DXN_0                        | Temp Sensor   |             |       0 |            |      |                     |                      |         |            |           |          |          |                  |              |                   |              |
| N10        |               | Dedicated  | DXP_0                        | Temp Sensor   |             |       0 |            |      |                     |                      |         |            |           |          |          |                  |              |                   |              |
| N11        |               |            | VCCBRAM                      | VCCBRAM       |             |         |            |      |                     |                      |         |            |           |          |          |                  |              |                   |              |
| N12        |               | Dedicated  | PROGRAM_B_0                  | Config        |             |       0 |            |      |                     |                      |         |            |           |          |          |                  |              |                   |              |
| N13        | o_sig[120]    | High Range | IO_L23P_T3_A03_D19_14        | OUTPUT        | LVCMOS33    |      14 |         12 | SLOW |                     |            FP_VTT_50 |         | FIXED      |           |          |          | NONE             |              |                   |              |
| N14        | o_sig[88]     | High Range | IO_L23N_T3_A02_D18_14        | OUTPUT        | LVCMOS33    |      14 |         12 | SLOW |                     |            FP_VTT_50 |         | FIXED      |           |          |          | NONE             |              |                   |              |
| N15        |               | High Range | IO_25_14                     | User IO       |             |      14 |            |      |                     |                      |         |            |           |          |          |                  |              |                   |              |
| N16        |               |            | GND                          | GND           |             |         |            |      |                     |                      |     0.0 |            |           |          |          |                  |              |                   |              |
| N17        | o_sig[114]    | High Range | IO_L21P_T3_DQS_14            | OUTPUT        | LVCMOS33    |      14 |         12 | SLOW |                     |            FP_VTT_50 |         | FIXED      |           |          |          | NONE             |              |                   |              |
| N18        | o_sig[99]     | High Range | IO_L17P_T2_A26_15            | OUTPUT        | LVCMOS33    |      15 |         12 | SLOW |                     |            FP_VTT_50 |         | FIXED      |           |          |          | NONE             |              |                   |              |
| N19        | o_sig[67]     | High Range | IO_L17N_T2_A25_15            | OUTPUT        | LVCMOS33    |      15 |         12 | SLOW |                     |            FP_VTT_50 |         | FIXED      |           |          |          | NONE             |              |                   |              |
| N20        | o_sig[97]     | High Range | IO_L18P_T2_A24_15            | OUTPUT        | LVCMOS33    |      15 |         12 | SLOW |                     |            FP_VTT_50 |         | FIXED      |           |          |          | NONE             |              |                   |              |
| N21        |               | High Range | VCCO_15                      | VCCO          |             |      15 |            |      |                     |                      |    3.30 |            |           |          |          |                  |              |                   |              |
| N22        | o_sig[96]     | High Range | IO_L15P_T2_DQS_15            | OUTPUT        | LVCMOS33    |      15 |         12 | SLOW |                     |            FP_VTT_50 |         | FIXED      |           |          |          | NONE             |              |                   |              |
| P1         | ddr3_addr[4]  | High Range | IO_L20N_T3_35                | OUTPUT        | SSTL15      |      35 |            | FAST |                     |            FP_VTT_50 |         | FIXED      |           |          |          | NONE             |              |                   |              |
| P2         | ddr3_addr[9]  | High Range | IO_L22P_T3_35                | OUTPUT        | SSTL15      |      35 |            | FAST |                     |            FP_VTT_50 |         | FIXED      |           |          |          | NONE             |              |                   |              |
| P3         |               |            | GND                          | GND           |             |         |            |      |                     |                      |     0.0 |            |           |          |          |                  |              |                   |              |
| P4         | ddr3_ck_n[0]  | High Range | IO_L21N_T3_DQS_35            | OUTPUT        | DIFF_SSTL15 |      35 |            | FAST |                     |            FP_VTT_50 |         | FIXED      |           |          |          | NONE             |              |                   |              |
| P5         | ddr3_ck_p[0]  | High Range | IO_L21P_T3_DQS_35            | OUTPUT        | DIFF_SSTL15 |      35 |            | FAST |                     |            FP_VTT_50 |         | FIXED      |           |          |          | NONE             |              |                   |              |
| P6         | ddr3_addr[1]  | High Range | IO_L24P_T3_35                | OUTPUT        | SSTL15      |      35 |            | FAST |                     |            FP_VTT_50 |         | FIXED      |           |          |          | NONE             |              |                   |              |
| P7         |               |            | GND                          | GND           |             |         |            |      |                     |                      |     0.0 |            |           |          |          |                  |              |                   |              |
| P8         |               |            | VCCINT                       | VCCINT        |             |         |            |      |                     |                      |         |            |           |          |          |                  |              |                   |              |
| P9         |               |            | GND                          | GND           |             |         |            |      |                     |                      |     0.0 |            |           |          |          |                  |              |                   |              |
| P10        |               |            | VCCINT                       | VCCINT        |             |         |            |      |                     |                      |         |            |           |          |          |                  |              |                   |              |
| P11        |               |            | GND                          | GND           |             |         |            |      |                     |                      |     0.0 |            |           |          |          |                  |              |                   |              |
| P12        |               |            | VCCAUX                       | VCCAUX        |             |         |            |      |                     |                      |    1.80 |            |           |          |          |                  |              |                   |              |
| P13        |               |            | GND                          | GND           |             |         |            |      |                     |                      |     0.0 |            |           |          |          |                  |              |                   |              |
| P14        | o_sig[118]    | High Range | IO_L19P_T3_A10_D26_14        | OUTPUT        | LVCMOS33    |      14 |         12 | SLOW |                     |            FP_VTT_50 |         | FIXED      |           |          |          | NONE             |              |                   |              |
| P15        | o_sig[117]    | High Range | IO_L22P_T3_A05_D21_14        | OUTPUT        | LVCMOS33    |      14 |         12 | SLOW |                     |            FP_VTT_50 |         | FIXED      |           |          |          | NONE             |              |                   |              |
| P16        | o_sig[115]    | High Range | IO_L24P_T3_A01_D17_14        | OUTPUT        | LVCMOS33    |      14 |         12 | SLOW |                     |            FP_VTT_50 |         | FIXED      |           |          |          | NONE             |              |                   |              |
| P17        | o_sig[82]     | High Range | IO_L21N_T3_DQS_A06_D22_14    | OUTPUT        | LVCMOS33    |      14 |         12 | SLOW |                     |            FP_VTT_50 |         | FIXED      |           |          |          | NONE             |              |                   |              |
| P18        |               | High Range | VCCO_14                      | VCCO          |             |      14 |            |      |                     |                      |    3.30 |            |           |          |          |                  |              |                   |              |
| P19        | o_sig[108]    | High Range | IO_L5P_T0_D06_14             | OUTPUT        | LVCMOS33    |      14 |         12 | SLOW |                     |            FP_VTT_50 |         | FIXED      |           |          |          | NONE             |              |                   |              |
| P20        | rxd           | High Range | IO_0_14                      | INPUT         | LVCMOS33    |      14 |            |      |                     |                 NONE |         | FIXED      |           |          |          | NONE             |              |                   |              |
| P21        |               | High Range | IO_L2P_T0_D02_14             | User IO       |             |      14 |            |      |                     |                      |         |            |           |          |          |                  |              |                   |              |
| P22        |               | High Range | IO_L1P_T0_D00_MOSI_14        | User IO       |             |      14 |            |      |                     |                      |         |            |           |          |          |                  |              |                   |              |
| R1         | ddr3_addr[8]  | High Range | IO_L20P_T3_35                | OUTPUT        | SSTL15      |      35 |            | FAST |                     |            FP_VTT_50 |         | FIXED      |           |          |          | NONE             |              |                   |              |
| R2         | o_sig[144]    | High Range | IO_L3N_T0_DQS_34             | OUTPUT        | LVCMOS33    |      34 |         12 | SLOW |                     |            FP_VTT_50 |         | FIXED      |           |          |          | NONE             |              |                   |              |
| R3         | o_sig[145]    | High Range | IO_L3P_T0_DQS_34             | OUTPUT        | LVCMOS33    |      34 |         12 | SLOW |                     |            FP_VTT_50 |         | FIXED      |           |          |          | NONE             |              |                   |              |
| R4         | sys_clk       | High Range | IO_L13P_T2_MRCC_34           | INPUT         | LVCMOS33    |      34 |            |      |                     |                 NONE |         | FIXED      |           |          |          | NONE             |              |                   |              |
| R5         |               | High Range | VCCO_34                      | VCCO          |             |      34 |            |      |                     |                      |    3.30 |            |           |          |          |                  |              |                   |              |
| R6         | o_sig[148]    | High Range | IO_L17P_T2_34                | OUTPUT        | LVCMOS33    |      34 |         12 | SLOW |                     |            FP_VTT_50 |         | FIXED      |           |          |          | NONE             |              |                   |              |
| R7         |               |            | VCCINT                       | VCCINT        |             |         |            |      |                     |                      |         |            |           |          |          |                  |              |                   |              |
| R8         |               |            | GND                          | GND           |             |         |            |      |                     |                      |     0.0 |            |           |          |          |                  |              |                   |              |
| R9         |               |            | VCCINT                       | VCCINT        |             |         |            |      |                     |                      |         |            |           |          |          |                  |              |                   |              |
| R10        |               |            | GND                          | GND           |             |         |            |      |                     |                      |     0.0 |            |           |          |          |                  |              |                   |              |
| R11        |               |            | VCCAUX                       | VCCAUX        |             |         |            |      |                     |                      |    1.80 |            |           |          |          |                  |              |                   |              |
| R12        |               |            | GND                          | GND           |             |         |            |      |                     |                      |     0.0 |            |           |          |          |                  |              |                   |              |
| R13        |               | Dedicated  | TDI_0                        | Config        |             |       0 |            |      |                     |                      |         |            |           |          |          |                  |              |                   |              |
| R14        | o_sig[86]     | High Range | IO_L19N_T3_A09_D25_VREF_14   | OUTPUT        | LVCMOS33    |      14 |         12 | SLOW |                     |            FP_VTT_50 |         | FIXED      |           |          |          | NONE             |              |                   |              |
| R15        |               | High Range | VCCO_14                      | VCCO          |             |      14 |            |      |                     |                      |    3.30 |            |           |          |          |                  |              |                   |              |
| R16        | o_sig[85]     | High Range | IO_L22N_T3_A04_D20_14        | OUTPUT        | LVCMOS33    |      14 |         12 | SLOW |                     |            FP_VTT_50 |         | FIXED      |           |          |          | NONE             |              |                   |              |
| R17        | o_sig[83]     | High Range | IO_L24N_T3_A00_D16_14        | OUTPUT        | LVCMOS33    |      14 |         12 | SLOW |                     |            FP_VTT_50 |         | FIXED      |           |          |          | NONE             |              |                   |              |
| R18        | o_sig[112]    | High Range | IO_L20P_T3_A08_D24_14        | OUTPUT        | LVCMOS33    |      14 |         12 | SLOW |                     |            FP_VTT_50 |         | FIXED      |           |          |          | NONE             |              |                   |              |
| R19        | o_sig[76]     | High Range | IO_L5N_T0_D07_14             | OUTPUT        | LVCMOS33    |      14 |         12 | SLOW |                     |            FP_VTT_50 |         | FIXED      |           |          |          | NONE             |              |                   |              |
| R20        |               |            | GND                          | GND           |             |         |            |      |                     |                      |     0.0 |            |           |          |          |                  |              |                   |              |
| R21        |               | High Range | IO_L2N_T0_D03_14             | User IO       |             |      14 |            |      |                     |                      |         |            |           |          |          |                  |              |                   |              |
| R22        |               | High Range | IO_L1N_T0_D01_DIN_14         | User IO       |             |      14 |            |      |                     |                      |         |            |           |          |          |                  |              |                   |              |
| T1         | led[1]        | High Range | IO_L1P_T0_34                 | OUTPUT        | LVCMOS33    |      34 |         12 | SLOW |                     |            FP_VTT_50 |         | FIXED      |           |          |          | NONE             |              |                   |              |
| T2         |               | High Range | VCCO_34                      | VCCO          |             |      34 |            |      |                     |                      |    3.30 |            |           |          |          |                  |              |                   |              |
| T3         | key           | High Range | IO_0_34                      | INPUT         | LVCMOS33    |      34 |            |      |                     |                 NONE |         | FIXED      |           |          |          | NONE             |              |                   |              |
| T4         |               | High Range | IO_L13N_T2_MRCC_34           | User IO       |             |      34 |            |      |                     |                      |         |            |           |          |          |                  |              |                   |              |
| T5         | o_sig[147]    | High Range | IO_L14P_T2_SRCC_34           | OUTPUT        | LVCMOS33    |      34 |         12 | SLOW |                     |            FP_VTT_50 |         | FIXED      |           |          |          | NONE             |              |                   |              |
| T6         | o_sig[141]    | High Range | IO_L17N_T2_34                | OUTPUT        | LVCMOS33    |      34 |         12 | SLOW |                     |            FP_VTT_50 |         | FIXED      |           |          |          | NONE             |              |                   |              |
| T7         |               |            | GND                          | GND           |             |         |            |      |                     |                      |     0.0 |            |           |          |          |                  |              |                   |              |
| T8         |               |            | VCCINT                       | VCCINT        |             |         |            |      |                     |                      |         |            |           |          |          |                  |              |                   |              |
| T9         |               |            | GND                          | GND           |             |         |            |      |                     |                      |     0.0 |            |           |          |          |                  |              |                   |              |
| T10        |               |            | VCCINT                       | VCCINT        |             |         |            |      |                     |                      |         |            |           |          |          |                  |              |                   |              |
| T11        |               |            | GND                          | GND           |             |         |            |      |                     |                      |     0.0 |            |           |          |          |                  |              |                   |              |
| T12        |               | Dedicated  | VCCO_0                       | VCCO          |             |       0 |            |      |                     |                      |   any** |            |           |          |          |                  |              |                   |              |
| T13        |               | Dedicated  | TMS_0                        | Config        |             |       0 |            |      |                     |                      |         |            |           |          |          |                  |              |                   |              |
| T14        |               | High Range | IO_L15P_T2_DQS_13            | User IO       |             |      13 |            |      |                     |                      |         |            |           |          |          |                  |              |                   |              |
| T15        |               | High Range | IO_L15N_T2_DQS_13            | User IO       |             |      13 |            |      |                     |                      |         |            |           |          |          |                  |              |                   |              |
| T16        |               | High Range | IO_L17P_T2_13                | User IO       |             |      13 |            |      |                     |                      |         |            |           |          |          |                  |              |                   |              |
| T17        |               |            | GND                          | GND           |             |         |            |      |                     |                      |     0.0 |            |           |          |          |                  |              |                   |              |
| T18        | o_sig[80]     | High Range | IO_L20N_T3_A07_D23_14        | OUTPUT        | LVCMOS33    |      14 |         12 | SLOW |                     |            FP_VTT_50 |         | FIXED      |           |          |          | NONE             |              |                   |              |
| T19        |               | High Range | IO_L6P_T0_FCS_B_14           | User IO       |             |      14 |            |      |                     |                      |         |            |           |          |          |                  |              |                   |              |
| T20        | txd           | High Range | IO_L6N_T0_D08_VREF_14        | OUTPUT        | LVCMOS33    |      14 |         12 | SLOW |                     |            FP_VTT_50 |         | FIXED      |           |          |          | NONE             |              |                   |              |
| T21        | o_sig[105]    | High Range | IO_L4P_T0_D04_14             | OUTPUT        | LVCMOS33    |      14 |         12 | SLOW |                     |            FP_VTT_50 |         | FIXED      |           |          |          | NONE             |              |                   |              |
| T22        |               | High Range | VCCO_14                      | VCCO          |             |      14 |            |      |                     |                      |    3.30 |            |           |          |          |                  |              |                   |              |
| U1         | led[0]        | High Range | IO_L1N_T0_34                 | OUTPUT        | LVCMOS33    |      34 |         12 | SLOW |                     |            FP_VTT_50 |         | FIXED      |           |          |          | NONE             |              |                   |              |
| U2         | o_sig[146]    | High Range | IO_L2P_T0_34                 | OUTPUT        | LVCMOS33    |      34 |         12 | SLOW |                     |            FP_VTT_50 |         | FIXED      |           |          |          | NONE             |              |                   |              |
| U3         | o_sig[151]    | High Range | IO_L6P_T0_34                 | OUTPUT        | LVCMOS33    |      34 |         12 | SLOW |                     |            FP_VTT_50 |         | FIXED      |           |          |          | NONE             |              |                   |              |
| U4         |               |            | GND                          | GND           |             |         |            |      |                     |                      |     0.0 |            |           |          |          |                  |              |                   |              |
| U5         | o_sig[142]    | High Range | IO_L14N_T2_SRCC_34           | OUTPUT        | LVCMOS33    |      34 |         12 | SLOW |                     |            FP_VTT_50 |         | FIXED      |           |          |          | NONE             |              |                   |              |
| U6         | o_sig[157]    | High Range | IO_L16P_T2_34                | OUTPUT        | LVCMOS33    |      34 |         12 | SLOW |                     |            FP_VTT_50 |         | FIXED      |           |          |          | NONE             |              |                   |              |
| U7         |               | High Range | IO_25_34                     | User IO       |             |      34 |            |      |                     |                      |         |            |           |          |          |                  |              |                   |              |
| U8         |               | Dedicated  | CFGBVS_0                     | Config        |             |       0 |            |      |                     |                      |         |            |           |          |          |                  |              |                   |              |
| U9         |               | Dedicated  | M2_0                         | Config        |             |       0 |            |      |                     |                      |         |            |           |          |          |                  |              |                   |              |
| U10        |               | Dedicated  | M1_0                         | Config        |             |       0 |            |      |                     |                      |         |            |           |          |          |                  |              |                   |              |
| U11        |               | Dedicated  | M0_0                         | Config        |             |       0 |            |      |                     |                      |         |            |           |          |          |                  |              |                   |              |
| U12        |               | Dedicated  | INIT_B_0                     | Config        |             |       0 |            |      |                     |                      |         |            |           |          |          |                  |              |                   |              |
| U13        |               | Dedicated  | TDO_0                        | Config        |             |       0 |            |      |                     |                      |         |            |           |          |          |                  |              |                   |              |
| U14        |               |            | GND                          | GND           |             |         |            |      |                     |                      |     0.0 |            |           |          |          |                  |              |                   |              |
| U15        |               | High Range | IO_L14P_T2_SRCC_13           | User IO       |             |      13 |            |      |                     |                      |         |            |           |          |          |                  |              |                   |              |
| U16        |               | High Range | IO_L17N_T2_13                | User IO       |             |      13 |            |      |                     |                      |         |            |           |          |          |                  |              |                   |              |
| U17        | o_sig[121]    | High Range | IO_L18P_T2_A12_D28_14        | OUTPUT        | LVCMOS33    |      14 |         12 | SLOW |                     |            FP_VTT_50 |         | FIXED      |           |          |          | NONE             |              |                   |              |
| U18        | o_sig[89]     | High Range | IO_L18N_T2_A11_D27_14        | OUTPUT        | LVCMOS33    |      14 |         12 | SLOW |                     |            FP_VTT_50 |         | FIXED      |           |          |          | NONE             |              |                   |              |
| U19        |               | High Range | VCCO_14                      | VCCO          |             |      14 |            |      |                     |                      |    3.30 |            |           |          |          |                  |              |                   |              |
| U20        | o_sig[104]    | High Range | IO_L11P_T1_SRCC_14           | OUTPUT        | LVCMOS33    |      14 |         12 | SLOW |                     |            FP_VTT_50 |         | FIXED      |           |          |          | NONE             |              |                   |              |
| U21        | o_sig[73]     | High Range | IO_L4N_T0_D05_14             | OUTPUT        | LVCMOS33    |      14 |         12 | SLOW |                     |            FP_VTT_50 |         | FIXED      |           |          |          | NONE             |              |                   |              |
| U22        |               | High Range | IO_L3P_T0_DQS_PUDC_B_14      | User IO       |             |      14 |            |      |                     |                      |         |            |           |          |          |                  |              |                   |              |
| V1         |               |            | GND                          | GND           |             |         |            |      |                     |                      |     0.0 |            |           |          |          |                  |              |                   |              |
| V2         | o_sig[143]    | High Range | IO_L2N_T0_34                 | OUTPUT        | LVCMOS33    |      34 |         12 | SLOW |                     |            FP_VTT_50 |         | FIXED      |           |          |          | NONE             |              |                   |              |
| V3         | o_sig[138]    | High Range | IO_L6N_T0_VREF_34            | OUTPUT        | LVCMOS33    |      34 |         12 | SLOW |                     |            FP_VTT_50 |         | FIXED      |           |          |          | NONE             |              |                   |              |
| V4         | o_sig[150]    | High Range | IO_L12P_T1_MRCC_34           | OUTPUT        | LVCMOS33    |      34 |         12 | SLOW |                     |            FP_VTT_50 |         | FIXED      |           |          |          | NONE             |              |                   |              |
| V5         | o_sig[132]    | High Range | IO_L16N_T2_34                | OUTPUT        | LVCMOS33    |      34 |         12 | SLOW |                     |            FP_VTT_50 |         | FIXED      |           |          |          | NONE             |              |                   |              |
| V6         |               | High Range | VCCO_34                      | VCCO          |             |      34 |            |      |                     |                      |    3.30 |            |           |          |          |                  |              |                   |              |
| V7         | o_sig[160]    | High Range | IO_L19P_T3_34                | OUTPUT        | LVCMOS33    |      34 |         12 | SLOW |                     |            FP_VTT_50 |         | FIXED      |           |          |          | NONE             |              |                   |              |
| V8         | o_sig[91]     | High Range | IO_L21N_T3_DQS_34            | OUTPUT        | LVCMOS33    |      34 |         12 | SLOW |                     |            FP_VTT_50 |         | FIXED      |           |          |          | NONE             |              |                   |              |
| V9         | o_sig[123]    | High Range | IO_L21P_T3_DQS_34            | OUTPUT        | LVCMOS33    |      34 |         12 | SLOW |                     |            FP_VTT_50 |         | FIXED      |           |          |          | NONE             |              |                   |              |
| V10        |               | High Range | IO_L10P_T1_13                | User IO       |             |      13 |            |      |                     |                      |         |            |           |          |          |                  |              |                   |              |
| V11        |               |            | GND                          | GND           |             |         |            |      |                     |                      |     0.0 |            |           |          |          |                  |              |                   |              |
| V12        |               | Dedicated  | TCK_0                        | Config        |             |       0 |            |      |                     |                      |         |            |           |          |          |                  |              |                   |              |
| V13        |               | High Range | IO_L13P_T2_MRCC_13           | User IO       |             |      13 |            |      |                     |                      |         |            |           |          |          |                  |              |                   |              |
| V14        |               | High Range | IO_L13N_T2_MRCC_13           | User IO       |             |      13 |            |      |                     |                      |         |            |           |          |          |                  |              |                   |              |
| V15        |               | High Range | IO_L14N_T2_SRCC_13           | User IO       |             |      13 |            |      |                     |                      |         |            |           |          |          |                  |              |                   |              |
| V16        |               | High Range | VCCO_13                      | VCCO          |             |      13 |            |      |                     |                      |   any** |            |           |          |          |                  |              |                   |              |
| V17        | o_sig[119]    | High Range | IO_L16P_T2_CSI_B_14          | OUTPUT        | LVCMOS33    |      14 |         12 | SLOW |                     |            FP_VTT_50 |         | FIXED      |           |          |          | NONE             |              |                   |              |
| V18        | o_sig[116]    | High Range | IO_L14P_T2_SRCC_14           | OUTPUT        | LVCMOS33    |      14 |         12 | SLOW |                     |            FP_VTT_50 |         | FIXED      |           |          |          | NONE             |              |                   |              |
| V19        | o_sig[84]     | High Range | IO_L14N_T2_SRCC_14           | OUTPUT        | LVCMOS33    |      14 |         12 | SLOW |                     |            FP_VTT_50 |         | FIXED      |           |          |          | NONE             |              |                   |              |
| V20        | o_sig[72]     | High Range | IO_L11N_T1_SRCC_14           | OUTPUT        | LVCMOS33    |      14 |         12 | SLOW |                     |            FP_VTT_50 |         | FIXED      |           |          |          | NONE             |              |                   |              |
| V21        |               |            | GND                          | GND           |             |         |            |      |                     |                      |     0.0 |            |           |          |          |                  |              |                   |              |
| V22        |               | High Range | IO_L3N_T0_DQS_EMCCLK_14      | User IO       |             |      14 |            |      |                     |                      |         |            |           |          |          |                  |              |                   |              |
| W1         | o_sig[153]    | High Range | IO_L5P_T0_34                 | OUTPUT        | LVCMOS33    |      34 |         12 | SLOW |                     |            FP_VTT_50 |         | FIXED      |           |          |          | NONE             |              |                   |              |
| W2         | o_sig[149]    | High Range | IO_L4P_T0_34                 | OUTPUT        | LVCMOS33    |      34 |         12 | SLOW |                     |            FP_VTT_50 |         | FIXED      |           |          |          | NONE             |              |                   |              |
| W3         |               | High Range | VCCO_34                      | VCCO          |             |      34 |            |      |                     |                      |    3.30 |            |           |          |          |                  |              |                   |              |
| W4         | o_sig[139]    | High Range | IO_L12N_T1_MRCC_34           | OUTPUT        | LVCMOS33    |      34 |         12 | SLOW |                     |            FP_VTT_50 |         | FIXED      |           |          |          | NONE             |              |                   |              |
| W5         | o_sig[131]    | High Range | IO_L15N_T2_DQS_34            | OUTPUT        | LVCMOS33    |      34 |         12 | SLOW |                     |            FP_VTT_50 |         | FIXED      |           |          |          | NONE             |              |                   |              |
| W6         | o_sig[158]    | High Range | IO_L15P_T2_DQS_34            | OUTPUT        | LVCMOS33    |      34 |         12 | SLOW |                     |            FP_VTT_50 |         | FIXED      |           |          |          | NONE             |              |                   |              |
| W7         | o_sig[128]    | High Range | IO_L19N_T3_VREF_34           | OUTPUT        | LVCMOS33    |      34 |         12 | SLOW |                     |            FP_VTT_50 |         | FIXED      |           |          |          | NONE             |              |                   |              |
| W8         |               |            | GND                          | GND           |             |         |            |      |                     |                      |     0.0 |            |           |          |          |                  |              |                   |              |
| W9         | o_sig[124]    | High Range | IO_L24P_T3_34                | OUTPUT        | LVCMOS33    |      34 |         12 | SLOW |                     |            FP_VTT_50 |         | FIXED      |           |          |          | NONE             |              |                   |              |
| W10        |               | High Range | IO_L10N_T1_13                | User IO       |             |      13 |            |      |                     |                      |         |            |           |          |          |                  |              |                   |              |
| W11        |               | High Range | IO_L12P_T1_MRCC_13           | User IO       |             |      13 |            |      |                     |                      |         |            |           |          |          |                  |              |                   |              |
| W12        |               | High Range | IO_L12N_T1_MRCC_13           | User IO       |             |      13 |            |      |                     |                      |         |            |           |          |          |                  |              |                   |              |
| W13        |               | High Range | VCCO_13                      | VCCO          |             |      13 |            |      |                     |                      |   any** |            |           |          |          |                  |              |                   |              |
| W14        |               | High Range | IO_L6P_T0_13                 | User IO       |             |      13 |            |      |                     |                      |         |            |           |          |          |                  |              |                   |              |
| W15        |               | High Range | IO_L16P_T2_13                | User IO       |             |      13 |            |      |                     |                      |         |            |           |          |          |                  |              |                   |              |
| W16        |               | High Range | IO_L16N_T2_13                | User IO       |             |      13 |            |      |                     |                      |         |            |           |          |          |                  |              |                   |              |
| W17        | o_sig[87]     | High Range | IO_L16N_T2_A15_D31_14        | OUTPUT        | LVCMOS33    |      14 |         12 | SLOW |                     |            FP_VTT_50 |         | FIXED      |           |          |          | NONE             |              |                   |              |
| W18        |               |            | GND                          | GND           |             |         |            |      |                     |                      |     0.0 |            |           |          |          |                  |              |                   |              |
| W19        | o_sig[110]    | High Range | IO_L12P_T1_MRCC_14           | OUTPUT        | LVCMOS33    |      14 |         12 | SLOW |                     |            FP_VTT_50 |         | FIXED      |           |          |          | NONE             |              |                   |              |
| W20        | o_sig[78]     | High Range | IO_L12N_T1_MRCC_14           | OUTPUT        | LVCMOS33    |      14 |         12 | SLOW |                     |            FP_VTT_50 |         | FIXED      |           |          |          | NONE             |              |                   |              |
| W21        | o_sig[103]    | High Range | IO_L7P_T1_D09_14             | OUTPUT        | LVCMOS33    |      14 |         12 | SLOW |                     |            FP_VTT_50 |         | FIXED      |           |          |          | NONE             |              |                   |              |
| W22        | o_sig[71]     | High Range | IO_L7N_T1_D10_14             | OUTPUT        | LVCMOS33    |      14 |         12 | SLOW |                     |            FP_VTT_50 |         | FIXED      |           |          |          | NONE             |              |                   |              |
| Y1         | o_sig[136]    | High Range | IO_L5N_T0_34                 | OUTPUT        | LVCMOS33    |      34 |         12 | SLOW |                     |            FP_VTT_50 |         | FIXED      |           |          |          | NONE             |              |                   |              |
| Y2         | o_sig[140]    | High Range | IO_L4N_T0_34                 | OUTPUT        | LVCMOS33    |      34 |         12 | SLOW |                     |            FP_VTT_50 |         | FIXED      |           |          |          | NONE             |              |                   |              |
| Y3         | o_sig[154]    | High Range | IO_L9P_T1_DQS_34             | OUTPUT        | LVCMOS33    |      34 |         12 | SLOW |                     |            FP_VTT_50 |         | FIXED      |           |          |          | NONE             |              |                   |              |
| Y4         | o_sig[155]    | High Range | IO_L11P_T1_SRCC_34           | OUTPUT        | LVCMOS33    |      34 |         12 | SLOW |                     |            FP_VTT_50 |         | FIXED      |           |          |          | NONE             |              |                   |              |
| Y5         |               |            | GND                          | GND           |             |         |            |      |                     |                      |     0.0 |            |           |          |          |                  |              |                   |              |
| Y6         | o_sig[159]    | High Range | IO_L18P_T2_34                | OUTPUT        | LVCMOS33    |      34 |         12 | SLOW |                     |            FP_VTT_50 |         | FIXED      |           |          |          | NONE             |              |                   |              |
| Y7         | o_sig[93]     | High Range | IO_L23N_T3_34                | OUTPUT        | LVCMOS33    |      34 |         12 | SLOW |                     |            FP_VTT_50 |         | FIXED      |           |          |          | NONE             |              |                   |              |
| Y8         | o_sig[125]    | High Range | IO_L23P_T3_34                | OUTPUT        | LVCMOS33    |      34 |         12 | SLOW |                     |            FP_VTT_50 |         | FIXED      |           |          |          | NONE             |              |                   |              |
| Y9         | o_sig[92]     | High Range | IO_L24N_T3_34                | OUTPUT        | LVCMOS33    |      34 |         12 | SLOW |                     |            FP_VTT_50 |         | FIXED      |           |          |          | NONE             |              |                   |              |
| Y10        |               | High Range | VCCO_13                      | VCCO          |             |      13 |            |      |                     |                      |   any** |            |           |          |          |                  |              |                   |              |
| Y11        |               | High Range | IO_L11P_T1_SRCC_13           | User IO       |             |      13 |            |      |                     |                      |         |            |           |          |          |                  |              |                   |              |
| Y12        |               | High Range | IO_L11N_T1_SRCC_13           | User IO       |             |      13 |            |      |                     |                      |         |            |           |          |          |                  |              |                   |              |
| Y13        |               | High Range | IO_L5P_T0_13                 | User IO       |             |      13 |            |      |                     |                      |         |            |           |          |          |                  |              |                   |              |
| Y14        |               | High Range | IO_L6N_T0_VREF_13            | User IO       |             |      13 |            |      |                     |                      |         |            |           |          |          |                  |              |                   |              |
| Y15        |               |            | GND                          | GND           |             |         |            |      |                     |                      |     0.0 |            |           |          |          |                  |              |                   |              |
| Y16        |               | High Range | IO_L1P_T0_13                 | User IO       |             |      13 |            |      |                     |                      |         |            |           |          |          |                  |              |                   |              |
| Y17        |               | High Range | IO_0_13                      | User IO       |             |      13 |            |      |                     |                      |         |            |           |          |          |                  |              |                   |              |
| Y18        | o_sig[113]    | High Range | IO_L13P_T2_MRCC_14           | OUTPUT        | LVCMOS33    |      14 |         12 | SLOW |                     |            FP_VTT_50 |         | FIXED      |           |          |          | NONE             |              |                   |              |
| Y19        | o_sig[81]     | High Range | IO_L13N_T2_MRCC_14           | OUTPUT        | LVCMOS33    |      14 |         12 | SLOW |                     |            FP_VTT_50 |         | FIXED      |           |          |          | NONE             |              |                   |              |
| Y20        |               | High Range | VCCO_14                      | VCCO          |             |      14 |            |      |                     |                      |    3.30 |            |           |          |          |                  |              |                   |              |
| Y21        | o_sig[106]    | High Range | IO_L9P_T1_DQS_14             | OUTPUT        | LVCMOS33    |      14 |         12 | SLOW |                     |            FP_VTT_50 |         | FIXED      |           |          |          | NONE             |              |                   |              |
| Y22        | o_sig[74]     | High Range | IO_L9N_T1_DQS_D13_14         | OUTPUT        | LVCMOS33    |      14 |         12 | SLOW |                     |            FP_VTT_50 |         | FIXED      |           |          |          | NONE             |              |                   |              |
+------------+---------------+------------+------------------------------+---------------+-------------+---------+------------+------+---------------------+----------------------+---------+------------+-----------+----------+----------+------------------+--------------+-------------------+--------------+
* Default value
** Special VCCO requirements may apply. Please consult the device family datasheet for specific guideline on VCCO requirements.


